idmonitoreodiario,fechamonitoreo,clavesih,nombreoficial,nombrecomun,estado,nommunicipio,regioncna,latitud,longitud,uso,corriente,tipovertedor,inicioop,elevcorona,bordolibre,nameelev,namealmac,namoelev,namoalmac,alturacortina,elevacionactual,almacenaactual,llenano
73269,1993-02-15,PRGHD          ,"Javier Rojo Gómez, Hgo.                                                                                                                               ","La Peña, Hgo.                                     ",Hidalgo                                           ,Alfajayucan                                                                                                                                           ,Aguas del Valle de México,20.3597,-99.3294,RI                                           ,R. Alfajayucan                ,Contr,1979 ,1980.96,1.3,1977.84,43.317,1976.84,39.99,60,1971.4,37.72,0.943236
73290,1993-02-15,CDOOX          ,"Miguel de la Madrid Hurtado, Oax.                                                                                                                     ","Cerro de Oro, Oax.                                ",Oaxaca                                            ,San Lucas Ojitlán                                                                                                                                     ,Golfo Centro,17.9992,-96.2636,CA                                           ,R. Papaloapan                 ,Contr,1988 ,75.6,2.8,70.01,3547.16,64.86,2599.51,70,62.7,1831.89,0.704706
73291,1993-02-15,VGRTP          ,"Vicente Guerrero, Tamps.                                                                                                                              ","Las Adjuntas, Tamps.                              ",Tamaulipas                                        ,Padilla                                                                                                                                               ,Golfo Norte,23.9594,-98.6664,AP/RI                                        ,R. Soto La Marina             ,Contr,1967 ,148,4.12001,144.04,5498.23,140.44,3910.69,62,129.95,966.18,0.247061
73292,1993-02-15,HPNMX          ,"Huapango, Méx.                                                                                                                                        ","Huapango, Méx.                                    ",Estado de México                                  ,Timilpan                                                                                                                                              ,Aguas del Valle de México,20.0464,-99.6969,RI                                           ,R. Huapango                   ,Libre,1765 ,2513,0.199951,2512.8,126.5,2512.65,121.3,14,2511.22,64.34,0.53042
73293,1993-02-15,TEMOX          ,"Presidente Alemán, Oax.                                                                                                                               ","Temascal, Oax.                                    ",Oaxaca                                            ,San Miguel Soyaltepec                                                                                                                                 ,Golfo Centro,18.2322,-96.4122,GH                                           ,R. Papaloapan                 ,Contr,1955 ,74.79,3.5,68.5,9105.54,66.5,8119.09,76,57.28,4305,0.530232
73294,1993-02-15,CHYVC          ,"Paso de Piedras, Ver.                                                                                                                                 ","Chicayán, Ver.                                    ",Veracruz de Ignacio de la Llav                    ,Pánuco                                                                                                                                                ,Golfo Norte,21.7375,-98.1558,RI                                           ,R. Chicayán                   ,Contr,1979 ,32.25,3.97,28.28,572.32,23.07,220,34,23.94,265.794,1.20815
73295,1993-02-15,SLZTP          ,"Lic. Emilio Portes Gil, Tamps.                                                                                                                        ","San Lorenzo, Tamps.                               ",Tamaulipas                                        ,Xicoténcatl                                                                                                                                           ,Golfo Norte,22.9439,-98.7914,AP/RI                                        ,A. El Sargento                ,Libre,1983 ,125,1.1,123.9,255.65,122.95,230.78,50.4,121.82,204.496,0.886108
73296,1993-02-15,CNSQT          ,"Constitución de 1917, Qro.                                                                                                                            ","Hidalgo, Qro.                                     ",Querétaro                                         ,San Juan del Río                                                                                                                                      ,Golfo Norte,20.4186,-100.08,RI                                           ,Dren Caracol                  ,Contr,1969 ,1937,1.55005,1928.39,76.461,1927.06,66.08,35,1919.52,20.278,0.30687
73297,1993-02-15,PERHD          ,"La Esperanza, Hgo.                                                                                                                                    ","La Esperanza, Hgo.                                ",Hidalgo                                           ,Cuautepec de Hinojosa                                                                                                                                 ,Golfo Norte,20.0575,-98.3347,RI                                           ,R. Santa María                ,Libre,1943 ,2210.6,0.999902,2209.6,4.2,2207.7,3.92,28.7,2207.74,1.377,0.351276
73298,1993-02-15,SBBMX          ,"José Antonio Alzate, Méx.                                                                                                                             ","San Bernabé, Méx.                                 ",Estado de México                                  ,Temoaya                                                                                                                                               ,Lerma-Santiago-Pacífico,19.4658,-99.7047,RI                                           ,R. Lerma                      ,Libre,1962 ,2567,1.58008,2566.92,52.509,2565.5,35.312,24,2564.72,27.701,0.784464
73299,1993-02-15,ENDHD          ,"Endhó, Hgo.                                                                                                                                           ","Endhó, Hgo.                                       ",Hidalgo                                           ,Tepetitlán                                                                                                                                            ,Aguas del Valle de México,20.1639,-99.36,RI                                           ,R. Tula                       ,Libre,1951 ,2023,3,2020,208.65,2018,182.9,60,2018.63,190.19,1.03986
73300,1993-02-15,SJATL          ,"San José Atlanga, Tlax.                                                                                                                               ","Atlanga,Tlax.                                     ",Tlaxcala                                          ,Atlangatepec                                                                                                                                          ,Balsas,19.5561,-98.2006,RI                                           ,R. Zahuapán                   ,Libre,1959 ,2500,2.32988,2486.87,47.97,2486.4,42.63,24.2,2485.02,39.011,0.915107
73301,1993-02-15,VBRMX          ,"Valle de Bravo, Méx.                                                                                                                                  ","Valle de Bravo, Méx.                              ",Estado de México                                  ,Valle de Bravo                                                                                                                                        ,Balsas,19.2075,-100.18,AP                                           ,R. Valle de Bravo             ,Libre,1947 ,1835.37,2.5,1833,449.42,1830,394.39,56,1829.79,389.425,0.987411
73302,1993-02-15,CHLMC          ,"Constitución de Apatzingán, Jal.                                                                                                                      ","Chilatán, Jal.                                    ",Jalisco                                           ,Jilotlán de los Dolores                                                                                                                               ,Balsas,19.2878,-102.774,RI                                           ,R. Grande                     ,Libre,1990 ,440,2.32001,437.68,807.15,429.45,590.025,107,423.25,473.53,0.802559
73303,1993-02-15,LCRDR          ,"Lázaro Cárdenas, Dgo.                                                                                                                                 ","El Palmito, Dgo.                                  ",Durango                                           ,Indé                                                                                                                                                  ,Cuencas Centrales del Norte,25.5942,-105.016,RI                                           ,R. Nazas                      ,Contr,1946 ,1635,3,1632,4278.54,1622.46,2957.61,100,1614.77,2321.21,0.784826
73304,1993-02-15,TEPMC          ,"Tepuxtepec, Mich.                                                                                                                                     ","Tepuxtepec, Mich.                                 ",Michoacán de Ocampo                               ,Contepec                                                                                                                                              ,Lerma-Santiago-Pacífico,20.0003,-100.229,GH/RI                                        ,R. Lerma                      ,Contr,1930 ,2352,2,2350,537.527,2348.11,449.97,47,2346.59,385.543,0.856819
73305,1993-02-15,CHICP          ,"Manuel Moreno Torres, Chis.                                                                                                                           ","Chicoasén, Chis.                                  ",Chiapas                                           ,Osumacinta                                                                                                                                            ,Frontera Sur,16.9417,-93.1006,GH                                           ,R. Grijalva                   ,Contr,1980 ,405,7,395,1318.6,392.5,205.98,261,392.17,320.36,1.5553
73306,1993-02-15,RSPTP          ,"República Española, Tamps.                                                                                                                            ","Real Viejo o El Sombrero, Tamps.                  ",Tamaulipas                                        ,Aldama                                                                                                                                                ,Golfo Norte,23.2594,-97.9919,AP                                           ,A. San Pedro                  ,Libre,1974 ,92,2.57,89.43,105.99,83,54.78,30,82.7,51.899,0.947408
73307,1993-02-15,ERCTP          ,"Estudiante Ramiro Caballero Dorantes, Tamps.                                                                                                          ","Las Ánimas, Tamps.                                ",Tamaulipas                                        ,González                                                                                                                                              ,Golfo Norte,22.605,-98.6917,AP/RI                                        ,A. Las Ánimas                 ,Libre,1976 ,55,2.45,52.55,654.37,51.7,563.443,31.2,50,426.285,0.756572
73308,1993-02-15,TPTMX          ,"San Andrés Tepetitlán, Méx.                                                                                                                           ","Tepetitlán,Méx.                                   ",Estado de México                                  ,San Felipe del Progreso                                                                                                                               ,Lerma-Santiago-Pacífico,19.6608,-99.9614,RI                                           ,R. San José                   ,Libre,1964 ,2597.38,2.92004,2594.46,81.029,2592.02,59.966,35,2592.02,67.626,1.12774
73309,1993-02-15,SLSGJ          ,"Solís, Gto.                                                                                                                                           ","Solis, Gto.                                       ",Guanajuato                                        ,Acámbaro                                                                                                                                              ,Lerma-Santiago-Pacífico,20.0553,-100.67,RI                                           ,R. Lerma                      ,Contr,1949 ,1901.7,3,1898.7,1214.14,1892.54,800,56.7,1892.9,814.392,1.01799
73310,1993-02-15,MOCMC          ,"Melchor Ocampo, Mich.                                                                                                                                 ","El Rosario, Mich.                                 ",Michoacán de Ocampo                               ,Angamacutiro                                                                                                                                          ,Lerma-Santiago-Pacífico,20.1272,-101.724,RI                                           ,R. Angúlo                     ,Libre,1975 ,1716.5,2.08997,1714.41,249.843,1711.9,194.454,34,1709.19,147.399,0.758015
73311,1993-02-15,PMNMX          ,"El Molino, Méx.                                                                                                                                       ","El Molino, Méx.                                   ",Estado de México                                  ,Aculco                                                                                                                                                ,Aguas del Valle de México,20.1242,-99.7397,RI                                           ,A. Zarco                      ,Libre,1980 ,2491,0,2385.09,8.7,2384.4,7.7,12,2382.52,4.976,0.646234
73312,1993-02-15,DNXMX          ,"Danxho, Méx.                                                                                                                                          ","Danxho, Méx.                                      ",Estado de México                                  ,Jilotepec                                                                                                                                             ,Aguas del Valle de México,19.8847,-99.5597,RI                                           ,R. Coscomate                  ,Libre,1951 ,2455.6,0.470117,2455.13,32.67,2454,31.046,31,2453.87,30.434,0.980287
73313,1993-02-15,PIRMX          ,"Ignacio Ramírez, Méx.                                                                                                                                 ","La Gavia, Méx.                                    ",Estado de México                                  ,Almoloya de Juárez                                                                                                                                    ,Lerma-Santiago-Pacífico,19.4617,-99.775,RI                                           ,R. La Gavia                   ,Libre,1965 ,2553.76,3.28002,2550.48,36.3,2548.48,20.5,23.5,2548.94,24.46,1.19317
73314,1993-02-15,UREMC          ,"Urepetiro, Mich.                                                                                                                                      ","Urepetiro, Mich.                                  ",Michoacán de Ocampo                               ,Tlazazalca                                                                                                                                            ,Lerma-Santiago-Pacífico,19.9622,-102.138,RI                                           ,R. Tlazazalca                 ,Libre,1964 ,1752.5,1.5,1745.68,10.923,1745,8.282,31,1746.77,9.687,1.16965
73315,1993-02-15,NGRAG          ,"El Niágara, Ags.                                                                                                                                      ","El Niágara, Ags.                                  ",Aguascalientes                                    ,Aguascalientes                                                                                                                                        ,Lerma-Santiago-Pacífico,21.78,-102.372,RI                                           ,R. Aguascalientes             ,Libre,1963 ,1833,0.599976,1832.4,31.695,1828.4,16.188,31.5,1828.5,16.5,1.01927
73316,1993-02-15,CHIZC          ,"El Chique, Zac.                                                                                                                                       ","El Chique, Zac.                                   ",Zacatecas                                         ,Tabasco                                                                                                                                               ,Lerma-Santiago-Pacífico,22,-102.889,RI                                           ,R. Juchipila                  ,Libre,1958 ,1588.48,2.00002,1586.48,192.567,1580.18,138.909,61,1554.65,20.49,0.147507
73317,1993-02-15,LDYGJ          ,"Laguna de Yuriria, Gto.                                                                                                                               ","Bordo de Tavamatacheo, Gto.                       ",Guanajuato                                        ,Yuriria                                                                                                                                               ,Lerma-Santiago-Pacífico,20.2869,-101.073,RI                                           ,R. Lerma                      ,Contr,1550 ,0,0,1731.4,325.195,1730.92,278.79,10,1730.12,118.902,0.426493
73318,1993-02-15,COIMC          ,"Cointzio, Mich.                                                                                                                                       ","Cointzio, Mich.                                   ",Michoacán de Ocampo                               ,Morelia                                                                                                                                               ,Lerma-Santiago-Pacífico,19.6297,-101.259,AP/RI                                        ,R. Grande de Morelia          ,Contr,1939 ,1997,1.50005,2001.32,79.233,1999.47,68.52,46,1993.56,84.184,1.2286
73319,1993-02-15,JARMC          ,"Jaripo, Mich.                                                                                                                                         ","Jaripo, Mich.                                     ",Michoacán de Ocampo                               ,Villamar                                                                                                                                              ,Lerma-Santiago-Pacífico,19.9583,-102.602,RI                                           ,A. sin nombre                 ,Libre,1951 ,1548.5,2.2,1580.42,9.265,1578.91,6.028,20,1576.93,6.14,1.01858
73320,1993-02-15,IALGJ          ,"Ignacio Allende, Gto.                                                                                                                                 ","La Begoña, Gto.                                   ",Guanajuato                                        ,San Miguel de Allende                                                                                                                                 ,Lerma-Santiago-Pacífico,20.8481,-100.826,RI                                           ,R. de la Laja                 ,Contr,1968 ,1834.7,2.04998,1833.33,241.41,1830.75,170.79,43,1825.63,91.8,0.537502
73321,1993-02-15,SRSJL          ,"Manuel M. Diéguez, Jal.                                                                                                                               ","Santa Rosa, Jal.                                  ",Jalisco                                           ,Amatitán                                                                                                                                              ,Lerma-Santiago-Pacífico,20.9089,-103.706,GH                                           ,R. Santiago                   ,Contr,1964 ,747,0.5,748,418,746.46,393.36,114,739.94,335.66,0.853315
73322,1993-02-15,CDRAG          ,"La Codorniz, Ags.                                                                                                                                     ","La Codorniz, Ags.                                 ",Aguascalientes                                    ,Calvillo                                                                                                                                              ,Lerma-Santiago-Pacífico,21.9975,-102.677,RI                                           ,R. De La Labor                ,Libre,1966 ,1840,2.23999,1837.76,6.528,1836,5.366,36,1830.74,2.734,0.509504
73323,1993-02-15,GUAMC          ,"Guaracha, Mich.                                                                                                                                       ","San Antonio, Mich.                                ",Michoacán de Ocampo                               ,Villamar                                                                                                                                              ,Lerma-Santiago-Pacífico,19.9792,-102.541,RI                                           ,A. sin nombre                 ,Libre,1913 ,1596.72,0,1580.11,29.79,1580.01,28.677,8,1579.09,30.125,1.05049
73324,1993-02-15,PECAG          ,"Plutarco Elías Calles, Ags.                                                                                                                           ","Calles, Ags.                                      ",Aguascalientes                                    ,San José de Gracia                                                                                                                                    ,Lerma-Santiago-Pacífico,22.1411,-102.417,AP/RI                                        ,R. Santiago                   ,Libre,1931 ,2022.6,0.6,2022,407.438,2020,358.121,67,2015.05,246,0.686919
73325,1993-02-15,BBAJL          ,"Basilio Vadillo, Jal.                                                                                                                                 ","Las Piedras, Jal.                                 ",Jalisco                                           ,El Limón                                                                                                                                              ,Lerma-Santiago-Pacífico,19.9136,-104.061,RI                                           ,R. Tuxcacuesco                ,Libre,1973 ,982.8,2.7,978.97,146.888,974.35,124.75,96,973.92,147.503,1.18239
73326,1993-02-15,CRNJL          ,"Corrinchis, Jal.                                                                                                                                      ",Corrinchis                                        ,Jalisco                                           ,Mascota                                                                                                                                               ,Lerma-Santiago-Pacífico,20.4797,-104.781,RI                                           ,Río Mascota                   ,Libre,     ,1337,0,1336.1,29,1332.6,20,38,1330.29,15.007,0.75035
73327,1993-02-15,LDACM          ,"Laguna de Amela, Col.                                                                                                                                 ","Tecomán, Col.                                     ",Colima                                            ,Tecomán                                                                                                                                               ,Lerma-Santiago-Pacífico,18.8092,-103.774,RI                                           ,Canal Bajo Amela y Dren Zanja ,Libre,     ,10.89,3.25,7.64,41.3,7.39,38.343,6.35,7.39,38.346,1.00008
73328,1993-02-15,CPEJL          ,"Cajón de Peña, Jal.                                                                                                                                   ","Tomatlán, Jal.                                    ",Jalisco                                           ,Tomatlán                                                                                                                                              ,Lerma-Santiago-Pacífico,19.9975,-105.13,RI                                           ,R. Tomatlán                   ,Contr,1976 ,142,2.8,139.2,707.62,131.66,500,68,130.98,496.68,0.99336
73329,1993-02-15,LDFMC          ,"Laguna del Fresno, Mich.                                                                                                                              ","Laguna del Fresno, Mich.                          ",Michoacán de Ocampo                               ,Maravatío                                                                                                                                             ,Lerma-Santiago-Pacífico,19.8381,-100.406,RI                                           ,R. Cachiví                    ,Libre,1946 ,2059,2,2057,13.132,2055.98,10.299,8.8,2057.17,11.54,1.1205
73330,1993-02-15,LDCJL          ,"Lago de Chapala, Jal.                                                                                                                                 ","Chapala, Jal.                                     ",Jalisco                                           ,Chapala                                                                                                                                               ,Lerma-Santiago-Pacífico,20.2906,-103.202,AP                                           ,R. Lerma                      ,Libre,     ,0,0,99,9279.71,98,8126.41,0,95.33,3706.3,0.456081
73331,1993-02-15,MNLAG          ,"Media Luna, Ags.                                                                                                                                      ","Media Luna, Ags.                                  ",Aguascalientes                                    ,Calvillo                                                                                                                                              ,Lerma-Santiago-Pacífico,21.8075,-102.788,RI                                           ,R. Calvillo                   ,Libre,1976 ,1624.1,2.14004,1621.96,21.196,1619.2,15,40.6,1615.2,8.772,0.5848
73332,1993-02-15,LCDSO          ,"Lázaro Cárdenas, Son.                                                                                                                                 ","La Angostura, Son.                                ",Sonora                                            ,Nacozari de García                                                                                                                                    ,Noroeste,30.4378,-109.379,RI                                           ,R. Bavispe                    ,Libre,1942 ,843.75,3.59998,840.15,1116.46,830.7,703.38,91.75,831.84,907,1.28949
73333,1993-02-15,ARCSO          ,"Adolfo Ruiz Cortines, Son.                                                                                                                            ","Mocúzari, Son.                                    ",Sonora                                            ,Álamos                                                                                                                                                ,Noroeste,27.2261,-109.107,AP/GH/RI                                     ,R. Mayo                       ,Mixto,NA,148,2.53,145.47,1822.14,138.46,1200,88.5,128.54,648.206,0.540172
73355,1993-02-15,LBQCH          ,"La Boquilla, Chih.                                                                                                                                    ","Lago de Toronto, Chih.                            ",Chihuahua                                         ,San Francisco de Conchos                                                                                                                              ,Río Bravo,27.5447,-105.414,GH/RI                                        ,R. Conchos                    ,Libre,1916 ,1322,2.90002,1319.1,3209.63,1317,2846.78,82,1308.8,1935.1,0.67975
73356,1993-02-15,CHUCH          ,"Chihuahua, Chih.                                                                                                                                      ","Chihuahua, Chih.                                  ",Chihuahua                                         ,Chihuahua                                                                                                                                             ,Río Bravo,28.5706,-106.168,AP                                           ,R. Chuviscar                  ,Libre,1960 ,1546,1.71997,1544.28,35.631,1540.82,23.383,58,1534.14,10.8,0.461874
73357,1993-02-15,SMGCL          ,"San Miguel, Coah.                                                                                                                                     ","San Miguel, Coah.                                 ",Coahuila de Zaragoza                              ,Jiménez                                                                                                                                               ,Río Bravo,29.0342,-100.954,AP/RI                                        ,R. San Diego                  ,Libre,1935 ,343.5,1.54001,341.96,22.193,341.74,21.168,15,341.75,20.821,0.983607
73358,1993-02-15,TNTCH          ,"El Tintero, Chih.                                                                                                                                     ","El Tintero, Chih.                                 ",Chihuahua                                         ,Buenaventura                                                                                                                                          ,Río Bravo,29.5625,-107.384,RI                                           ,R. Santa María                ,Libre,1950 ,1712,2.96997,1709.03,216.703,1703,125.075,56,1693.96,55.222,0.441511
73359,1993-02-15,JDMOX          ,"Presidente Benito Juárez, Oax.                                                                                                                        ","Bordo Benito Juárez, Oax.                         ",Oaxaca                                            ,Santa María Jalapa del Marqués                                                                                                                        ,Pacífico Sur,16.4456,-95.3978,RI                                           ,R. Tehuantepec                ,Libre,1961 ,138.4,2.64999,139.85,1726.75,124.25,720.317,85.5,112.61,447.606,0.621401
73360,1993-02-15,FIMCH          ,"Las Vírgenes, Chih.                                                                                                                                   ","Francisco I. Madero, Chih.                        ",Chihuahua                                         ,Rosales                                                                                                                                               ,Río Bravo,28.1661,-105.629,RI                                           ,R. San Pedro                  ,Libre,1949 ,1243.8,1.23994,1242.56,456.461,1239.3,333.315,57,1230.77,170.156,0.510496
73361,1993-02-15,LJSCH          ,"Las Lajas, Chih.                                                                                                                                      ","Las Lajas, Chih.                                  ",Chihuahua                                         ,Buenaventura                                                                                                                                          ,Río Bravo,29.88,-107.026,RI                                           ,R. El Carmen o Santa Clara    ,Libre,1964 ,1563.8,2.18,1561.62,106.547,1558.7,83.266,47,1545.15,21.759,0.261319
73362,1993-02-15,JLPSI          ,"José López Portillo, Sin.                                                                                                                             ","Comedero, Sin.                                    ",Sinaloa                                           ,Cosalá                                                                                                                                                ,Pacífico Norte,24.5717,-106.807,AP/GH/RI                                     ,R. San Lorenzo                ,Contr,1981 ,290,4.54999,286.95,3966.17,272.16,2580.19,136,258.79,1475.1,0.571702
73363,1993-02-15,SBYDR          ,"Santiago Bayacora, Dgo.                                                                                                                               ","Santiago Bayacora, Dgo.                           ",Durango                                           ,Durango                                                                                                                                               ,Pacífico Norte,23.8744,-104.676,RI                                           ,R. Santiago Bayacora          ,Libre,1990 ,1962,0.810059,1965.94,169.869,1959.01,130.047,66.75,1950.48,90.92,0.699132
73364,1993-02-15,SGBDR          ,"San Gabriel, Dgo.                                                                                                                                     ","San Gabriel, Dgo.                                 ",Durango                                           ,Ocampo                                                                                                                                                ,Río Bravo,26.4367,-105.561,RI                                           ,R. Florido                    ,Libre,1991 ,1785.6,2.20999,1783.39,377.338,1777.9,245.431,48,1771.08,135.42,0.551764
73365,1993-02-15,VCRCL          ,"Venustiano Carranza, Coah.                                                                                                                            ","Don Martín, Coah.                                 ",Coahuila de Zaragoza                              ,Juárez                                                                                                                                                ,Río Bravo,27.515,-100.616,AP/RI                                        ,R. Sabinas                    ,Contr,1932 ,265.8,4.00001,261.8,1322.37,259.24,874.1,38.86,258.66,842.15,0.963448
73366,1993-02-15,CPRNL          ,"José López Portillo, N.L.                                                                                                                             ","Cerro Prieto, N.L.                                ",Nuevo León                                        ,Linares                                                                                                                                               ,Río Bravo,24.9375,-99.3997,AP                                           ,A. Pablillo - Hualauises      ,Contr,1984 ,288,2.5,285.5,393,282.52,300,50,276.39,157.679,0.525597
73367,1993-02-15,CNTCL          ,"El Centenario, Coah.                                                                                                                                  ","El Centenario, Coah.                              ",Coahuila de Zaragoza                              ,Jiménez                                                                                                                                               ,Río Bravo,29.2136,-100.95,RI                                           ,R. San Diego                  ,Libre,1935 ,338,1.62,336.38,25.711,336.15,24.589,17,334.85,19.4,0.788971
73368,1993-02-15,LBCNL          ,"Rodrigo Gómez, N.L.                                                                                                                                   ","La Boca, N.L.                                     ",Nuevo León                                        ,Santiago                                                                                                                                              ,Río Bravo,25.4281,-100.128,AP                                           ,A. La Chueca - San Juan       ,Contr,1961 ,450.04,0.839988,449.2,42.657,448.54,39.49,34,443.01,19.33,0.489491
73369,1993-02-15,MRGTP          ,"Marte Rodolfo Gómez, Tamps.                                                                                                                           ","El Azúcar, Tamps.                                 ",Tamaulipas                                        ,Camargo                                                                                                                                               ,Río Bravo,26.2047,-98.9256,RI                                           ,R. San Juan                   ,Libre,1946 ,86,3,83,2208.66,76.3,781.7,49,72.12,402.923,0.515445
73279,1993-02-15,FZRDR          ,"Francisco Zarco, Dgo.                                                                                                                                 ","Las Tórtolas, Dgo.                                ",Durango                                           ,Cuencamé                                                                                                                                              ,Cuencas Centrales del Norte,25.2708,-103.774,RI                                           ,R. Nazas                      ,Contr,1968 ,1213,2.94995,1210.05,383.16,1208.2,309.24,39.5,1198.25,109.25,0.353285
73280,1993-02-15,ELCZC          ,"El Cazadero, Zac.                                                                                                                                     ","El Cazadero, Zac                                  ",Zacatecas                                         ,Río Grande                                                                                                                                            ,Cuencas Centrales del Norte,23.6931,-103.094,RI                                           ,R. Aguanaval                  ,Libre,1964 ,1920.12,1.50006,1919.94,44.68,1916,22.178,27.12,1908.87,10.462,0.471729
73281,1993-02-15,GDLMX          ,"Sierra de Guadalupe, Méx.                                                                                                                             ","Guadalupe,Méx.                                    ",Estado de México                                  ,Cuautitlán Izcalli                                                                                                                                    ,Aguas del Valle de México,19.6356,-99.2522,RI                                           ,R. Cuautitlán                 ,Libre,1936 ,2308.75,1.92993,2306.82,64.08,2305.2,56.91,33,2302.63,46.562,0.818169
73282,1993-02-15,BDDPB          ,"Manuel Ávila Camacho, Pue.                                                                                                                            ","Valsequillo o Balcón del Diablo, Pue.             ",Puebla                                            ,Puebla                                                                                                                                                ,Balsas,18.9125,-98.1086,RI                                           ,R. Atoyac                     ,Libre,1946 ,2064,2,2062,391.489,2059.02,300.654,85,2058.31,286.26,0.952124
73283,1993-02-15,SABMC          ,"Sabaneta, Mich.                                                                                                                                       ","Sabaneta, Mich.                                   ",Michoacán de Ocampo                               ,Hidalgo                                                                                                                                               ,Balsas,19.6228,-100.669,RI                                           ,A. Los Charcos                ,Libre,1948 ,2494.9,2.05,2508.95,5.875,2508,5.043,17,2510.26,5.234,1.03787
73284,1993-02-15,DBOMC          ,"El Bosque, Mich.                                                                                                                                      ","El Bosque, Mich.                                  ",Michoacán de Ocampo                               ,Zitácuaro                                                                                                                                             ,Balsas,19.3878,-100.421,AP                                           ,R. San Juan                   ,Libre,1954 ,1745,2,1743,220.1,1741.4,202.4,70,1732.45,115.388,0.570099
73285,1993-02-15,RODMR          ,"El Rodeo, Mor.                                                                                                                                        ","El Rodeo, Mor.                                    ",Morelos                                           ,Miacatlán                                                                                                                                             ,Balsas,18.7653,-99.3314,RI                                           ,R. Tembembe                   ,Libre,1974 ,1166.5,2.30005,1166.5,33.137,1164.2,26.984,8,1154.96,7.15,0.264972
73286,1993-02-15,ANGCP          ,"Doctor Belisario Domínguez, Chis.                                                                                                                     ","La Angostura, Chis.                               ",Chiapas                                           ,Acala                                                                                                                                                 ,Frontera Sur,16.4014,-92.7789,GH                                           ,R. Grijalva                   ,Contr,1976 ,543,3.5,539.5,19736.4,533,13169.6,147,529.39,11064.8,0.840175
73287,1993-02-15,STRZC          ,"Santa Rosa, Zac.                                                                                                                                      ","Santa Rosa, Zac.                                  ",Zacatecas                                         ,Fresnillo                                                                                                                                             ,Cuencas Centrales del Norte,22.9258,-103.113,RI                                           ,A. El Arenal                  ,Libre,1937 ,2250.19,0.550107,2249.64,14.041,2248.64,10.476,15,2107.46,11.838,1.13001
73288,1993-02-15,MALCP          ,"Nezahualcóyotl, Chis.                                                                                                                                 ","Malpaso, Chis.                                    ",Chiapas                                           ,Mezcalapa                                                                                                                                             ,Frontera Sur,17.1786,-93.5989,GH                                           ,R. Grijalva o Mezcalapa       ,Contr,1964 ,192,4,188,14056.3,182.5,9317.39,138,180.39,8687.77,0.932425
73289,1993-02-15,PENCP          ,"Ángel Albino Corzo, Chis.                                                                                                                             ","Peñitas, Chis.                                    ",Chiapas                                           ,Ostuacán                                                                                                                                              ,Frontera Sur,17.4461,-93.4586,GH                                           ,R. Grijalva                   ,Contr,1986 ,98,5,95.5,578.63,87.4,215.041,58,86.66,868.59,4.03918
73334,1993-02-15,ARLSO          ,"Abelardo Rodríguez Luján, Son.                                                                                                                        ","Hermosillo, Son.                                  ",Sonora                                            ,Hermosillo                                                                                                                                            ,Noroeste,29.0767,-110.92,AP                                           ,R. Sonora                     ,Contr,1948 ,231.6,3.20001,228.4,284.47,226.98,219.52,36,225.11,226.395,1.03132
73335,1993-02-15,TCTJL          ,"Tacotán, Jal.                                                                                                                                         ","Tacotán, Jal.                                     ",Jalisco                                           ,Unión de Tula                                                                                                                                         ,Lerma-Santiago-Pacífico,20.0361,-104.32,RI                                           ,R. Ayutla                     ,Libre,1960 ,1407.5,1.20996,1406.29,169,1403.06,149.239,68.5,1397.14,120.272,0.805902
73336,1993-02-15,TMLJL          ,"Ramón Corona Madrigal General, Jal.                                                                                                                   ","Trigomil, Jal.                                    ",Jalisco                                           ,Ayutla                                                                                                                                                ,Lerma-Santiago-Pacífico,19.9761,-104.37,RI                                           ,R. Ayuquila                   ,Libre,1993 ,1209.34,2.94001,1209.36,324,1201.4,250,107,1175.72,88.957,0.355828
73337,1993-02-15,PECSO          ,"Plutarco Elías Calles, Son.                                                                                                                           ","El Novillo, Son.                                  ",Sonora                                            ,Soyopa                                                                                                                                                ,Noroeste,28.9767,-109.642,GH                                           ,R. Yaqui                      ,Contr,1964 ,297.8,1.00001,296.8,3511.96,290.5,2833.07,133.8,289.82,2908.35,1.02657
73338,1993-02-15,AGZCH          ,"Abraham González, Chih.                                                                                                                               ","Guadalupe, Chih.                                  ",Chihuahua                                         ,Guerrero                                                                                                                                              ,Noroeste,28.4817,-107.483,RI                                           ,R. Papigochi                  ,Libre,1961 ,2052.9,1.59995,2051.3,102.891,2047.8,79.354,41.9,2043.8,61.64,0.776772
73339,1993-02-15,PMHSI          ,"Miguel Hidalgo, Sin.                                                                                                                                  ","El Mahoné, Sin.                                   ",Sinaloa                                           ,El Fuerte                                                                                                                                             ,Pacífico Norte,26.5097,-108.58,AP/GH/RI                                     ,R. Fuerte                     ,Mixto,1956 ,151.4,3.4,148,4171.27,142.36,3312.89,81,128.2,1661.74,0.501598
73340,1993-02-15,GDOSI          ,"Gustavo Díaz Ordaz, Sin.                                                                                                                              ","Bacurato, Sin.                                    ",Sinaloa                                           ,Sinaloa                                                                                                                                               ,Pacífico Norte,25.8567,-107.911,AP/GH/RI                                     ,R. Sinaloa                    ,Contr,1981 ,256,3.5,252.5,2687.07,237.06,1618.75,116,227.57,1279.14,0.790202
73341,1993-02-15,CHTSO          ,"Cuauhtémoc, Son.                                                                                                                                      ","Santa Teresa, Son.                                ",Sonora                                            ,Tubutama                                                                                                                                              ,Noroeste,30.8733,-111.516,RI                                           ,R. Altar                      ,Libre,1950 ,603,2.75,600.25,66.33,597,41.47,57.2,597.08,62.56,1.50856
73342,1993-02-15,PMOSO          ,"Ing. Rodolfo Félix Valdés, Son.                                                                                                                       ","El Molinito, Son.                                 ",Sonora                                            ,Hermosillo                                                                                                                                            ,Noroeste,29.2125,-110.726,AP                                           ,R. Sonora                     ,Libre,     ,295.4,2.00001,293.4,222.47,289.36,121.202,31.4,289.41,150.9,1.24503
73343,1993-02-15,ALMSI          ,"Adolfo López Mateos, Sin.                                                                                                                             ","El Humaya o El Varejonal, Sin.                    ",Sinaloa                                           ,Badiraguato                                                                                                                                           ,Pacífico Norte,25.1014,-107.388,AP/RI                                        ,R. Humaya                     ,Libre,1964 ,186.5,3.02,183.48,4034.52,176,3086.61,105.5,159.22,1565.2,0.507094
73344,1993-02-15,SNLSI          ,"Sanalona, Sin.                                                                                                                                        ","Sanalona, Sin.                                    ",Sinaloa                                           ,Culiacán                                                                                                                                              ,Pacífico Norte,24.815,-107.151,AP/GH/RI                                     ,R. Tamazula                   ,Libre,1948 ,165,2.83,162.17,987.522,156.2,687.988,81,144.41,421.5,0.612656
73345,1993-02-15,GVCDR          ,"Presidente Guadalupe Victoria, Dgo.                                                                                                                   ","El Tunal, Dgo.                                    ",Durango                                           ,Durango                                                                                                                                               ,Pacífico Norte,23.9611,-104.753,RI                                           ,R. Tunal                      ,Mixto,1962 ,1934.8,1.69,1934.61,94.617,1931,78.06,72.8,1921.89,48.048,0.615527
73346,1993-02-15,FVLDR          ,"Francisco Villa, Dgo.                                                                                                                                 ","El Bosque, Dgo.                                   ",Durango                                           ,Poanas                                                                                                                                                ,Pacífico Norte,24.0017,-103.961,RI                                           ,R. Poanas                     ,Libre,1968 ,1998.7,2.57,1996.13,96.57,1993,73.26,58.7,1986.05,43.383,0.592179
73347,1993-02-15,AOBSO          ,"Álvaro Obregón, Son.                                                                                                                                  ","Oviachic, Son.                                    ",Sonora                                            ,Cajeme                                                                                                                                                ,Noroeste,27.8225,-109.893,AP/GH/RI                                     ,R. Yaqui                      ,Libre,1952 ,115.1,2.9,112.2,4409.75,105.5,3023.15,90,104.28,2802,0.926848
73348,1993-02-15,IRASO          ,"Ignacio R. Alatorre, Son.                                                                                                                             ","Punta de Agua, Son.                               ",Sonora                                            ,Guaymas                                                                                                                                               ,Noroeste,28.4264,-110.397,RI                                           ,R. San Marcial o Mátape       ,Libre,1972 ,105,2.29,102.71,29.69,100,16.16,30,98.75,23.056,1.42673
73349,1993-02-15,JORSI          ,"Josefa Ortiz de Domínguez, Sin.                                                                                                                       ","El Sabino, Sin.                                   ",Sinaloa                                           ,El Fuerte                                                                                                                                             ,Pacífico Norte,26.4269,-108.703,AP/RI                                        ,A. Alamos                     ,Contr,1967 ,113.5,2.93,112.65,685.11,109.5,519.28,44,108.14,443.72,0.854491
73350,1993-02-15,SLTSI          ,"Ing. Aurelio Benassini Vizcaíno, Sin.                                                                                                                 ","El Salto o Elota, Sin.                            ",Sinaloa                                           ,Elota                                                                                                                                                 ,Pacífico Norte,24.1219,-106.696,RI                                           ,R. Elota                      ,Libre,1988 ,167.1,2.46,164.64,815.592,154.5,403.9,73,152.58,358.9,0.888586
73351,1993-02-15,LLNCH          ,"El Granero, Chih.                                                                                                                                     ","Ing. Luis L. León, Chih.                          ",Chihuahua                                         ,Aldama                                                                                                                                                ,Río Bravo,28.9844,-105.28,RI                                           ,R. Conchos                    ,Contr,1968 ,1053,2.5,1050.5,824.762,1034.8,284.382,62,1042.43,559.19,1.96633
73352,1993-02-15,ERECH          ,"El Rejón, Chih.                                                                                                                                       ","El Rejón, Chih.                                   ",Chihuahua                                         ,Chihuahua                                                                                                                                             ,Río Bravo,28.6147,-106.119,AP                                           ,A. El Rejón                   ,Libre,1966 ,1479.8,1.48005,1478.32,7.755,1477,6.528,33,1473.47,3.903,0.597886
73353,1993-02-15,EBLSI          ,"Lic. Eustaquio Buelna, Sin.                                                                                                                           ","Guamúchil, Sin.                                   ",Sinaloa                                           ,Salvador Alvarado                                                                                                                                     ,Pacífico Norte,25.4847,-108.066,AP/RI                                        ,R. Mocorito                   ,Contr,1972 ,71.2,2.35,68.85,264.95,63.54,80.08,41,61.46,91.3,1.14011
73354,1993-02-15,PAGDR          ,"Peña del Águila, Dgo.                                                                                                                                 ","Peña Del Águila, Dgo.                             ",Durango                                           ,Durango                                                                                                                                               ,Pacífico Norte,24.2039,-104.657,RI                                           ,R. La Sauceda                 ,Libre,1954 ,1896.8,1.52998,1895.27,54.902,1892.5,27.948,25,1888.64,10.224,0.365822
73270,1993-02-15,PRQHD          ,"Requena, Hgo.                                                                                                                                         ","Requena, Hgo.                                     ",Hidalgo                                           ,Tula de Allende                                                                                                                                       ,Aguas del Valle de México,19.9631,-99.3108,RI                                           ,R. Tula                       ,Mixto,     ,2116.59,1.5,2110.3,61.519,2109,51.56,38,2108.96,52.424,1.01676
73271,1993-02-15,PUCMC          ,"Pucuato, Mich.                                                                                                                                        ","Pucuato, Mich.                                    ",Michoacán de Ocampo                               ,Hidalgo                                                                                                                                               ,Balsas,19.6214,-100.684,RI                                           ,A. Los Charcos                ,Libre,1946 ,2501.25,1.25,2500,11.534,2499,9.485,15,2499.02,11.866,1.25103
73272,1993-02-15,VTRGR          ,"Valerio Trujano, Gro.                                                                                                                                 ","Tepecoacuilco, Gro.                               ",Guerrero                                          ,Tepecoacuilco de Trujano                                                                                                                              ,Balsas,18.2958,-99.4661,AP/RI                                        ,R. Tepecoacuilco              ,Libre,1964 ,844.3,1.51997,842.78,51.727,840,31.014,33.3,837.24,24.404,0.78687
73273,1993-02-15,ZICMC          ,"Zicuirán, Mich.                                                                                                                                       ","La Peña, Mich.                                    ",Michoacán de Ocampo                               ,La Huacana                                                                                                                                            ,Balsas,18.9211,-101.932,RI                                           ,R. Zicuirán                   ,Libre,1957 ,302.75,1.31,301.44,47.485,299,36.294,46,295.51,34.408,0.948036
73274,1993-02-15,INFMC          ,"Infiernillo, Mich.                                                                                                                                    ","Infiernillo, Mich.                                ",Guerrero                                          ,Arteaga                                                                                                                                               ,Balsas,18.2667,-101.883,GH                                           ,R. Balsas                     ,Contr,1964 ,184,0.8,183.2,15194.8,169,9367.77,151.5,166.48,8471.27,0.9043
73275,1993-02-15,PMDMX          ,"Madín, Méx.                                                                                                                                           ","Madín, Méx.                                       ",Estado de México                                  ,Naucalpan de Juárez                                                                                                                                   ,Aguas del Valle de México,19.5269,-99.2608,AP                                           ,R. Tlanepantla                ,Contr,1959 ,2348.5,2.46,2346.04,17.964,2336.29,9.37,75,2335.88,15.634,1.66852
73276,1993-02-15,VVCMX          ,"Villa Victoria, Méx.                                                                                                                                  ","Villa Victoria,Méx.                               ",Estado de México                                  ,Villa Victoria                                                                                                                                        ,Balsas,19.4617,-100.056,AP                                           ,R. San Juan Malacate          ,Libre,1944 ,2561.96,0,2607.5,249.943,2605.5,185.723,19,2604.54,158.269,0.852178
73277,1993-02-15,VGRGR          ,"Vicente Guerrero, Gro.                                                                                                                                ","Palos Altos, Gro.                                 ",Guerrero                                          ,Arcelia                                                                                                                                               ,Balsas,18.3828,-100.266,AP/RI                                        ,R. Poliutla                   ,Libre,1968 ,433,2.70001,430.3,300,425,249.49,67.5,421.77,212,0.849733
73278,1993-02-15,VILMC          ,"José María Morelos y Pavón, Mich.                                                                                                                     ","La Villita, Mich.                                 ",Michoacán de Ocampo                               ,Lázaro Cárdenas                                                                                                                                       ,Balsas,18.0483,-102.18,AP/GH/RI                                     ,R. Balsas                     ,Contr,1973 ,59.73,3,56.73,686.94,51.2,545.93,73,50.44,516.3,0.945726
